CustomerID,FirstName,LastName,StreetAddress,City,State,ZipCode,Telephone
1,Customer1,Last1,1 Main St,City1,OH,44001,555-0001
2,Customer2,Last2,2 Main St,City2,OH,44002,555-0002
3,Customer3,Last3,3 Main St,City3,OH,44003,555-0003
4,Customer4,Last4,4 Main St,City4,OH,44004,555-0004
5,Customer5,Last5,5 Main St,City5,OH,44005,555-0005
6,Customer6,Last6,6 Main St,City6,OH,44006,555-0006
7,Customer7,Last7,7 Main St,City7,OH,44007,555-0007
8,Customer8,Last8,8 Main St,City8,OH,44008,555-0008
9,Customer9,Last9,9 Main St,City9,OH,44009,555-0009
10,Customer10,Last10,10 Main St,City10,OH,44010,555-0010
11,Customer11,Last11,11 Main St,City11,OH,44011,555-0011
12,Customer12,Last12,12 Main St,City12,OH,44012,555-0012
13,Customer13,Last13,13 Main St,City13,OH,44013,555-0013
14,Customer14,Last14,14 Main St,City14,OH,44014,555-0014
15,Customer15,Last15,15 Main St,City15,OH,44015,555-0015
16,Customer16,Last16,16 Main St,City16,OH,44016,555-0016
17,Customer17,Last17,17 Main St,City17,OH,44017,555-0017
18,Customer18,Last18,18 Main St,City18,OH,44018,555-0018
19,Customer19,Last19,19 Main St,City19,OH,44019,555-0019
20,Customer20,Last20,20 Main St,City20,OH,44020,555-0020
21,Customer21,Last21,21 Main St,City21,OH,44021,555-0021
22,Customer22,Last22,22 Main St,City22,OH,44022,555-0022
23,Customer23,Last23,23 Main St,City23,OH,44023,555-0023
24,Customer24,Last24,24 Main St,City24,OH,44024,555-0024
25,Customer25,Last25,25 Main St,City25,OH,44025,555-0025
26,Customer26,Last26,26 Main St,City26,OH,44026,555-0026
27,Customer27,Last27,27 Main St,City27,OH,44027,555-0027
28,Customer28,Last28,28 Main St,City28,OH,44028,555-0028
29,Customer29,Last29,29 Main St,City29,OH,44029,555-0029
30,Customer30,Last30,30 Main St,City30,OH,44030,555-0030
31,Customer31,Last31,31 Main St,City31,OH,44031,555-0031
32,Customer32,Last32,32 Main St,City32,OH,44032,555-0032
33,Customer33,Last33,33 Main St,City33,OH,44033,555-0033
34,Customer34,Last34,34 Main St,City34,OH,44034,555-0034
35,Customer35,Last35,35 Main St,City35,OH,44035,555-0035
36,Customer36,Last36,36 Main St,City36,OH,44036,555-0036
37,Customer37,Last37,37 Main St,City37,OH,44037,555-0037
38,Customer38,Last38,38 Main St,City38,OH,44038,555-0038
39,Customer39,Last39,39 Main St,City39,OH,44039,555-0039
40,Customer40,Last40,40 Main St,City40,OH,44040,555-0040
41,Customer41,Last41,41 Main St,City41,OH,44041,555-0041
42,Customer42,Last42,42 Main St,City42,OH,44042,555-0042
43,Customer43,Last43,43 Main St,City43,OH,44043,555-0043
44,Customer44,Last44,44 Main St,City44,OH,44044,555-0044
45,Customer45,Last45,45 Main St,City45,OH,44045,555-0045
46,Customer46,Last46,46 Main St,City46,OH,44046,555-0046
47,Customer47,Last47,47 Main St,City47,OH,44047,555-0047
48,Customer48,Last48,48 Main St,City48,OH,44048,555-0048
49,Customer49,Last49,49 Main St,City49,OH,44049,555-0049
50,Customer50,Last50,50 Main St,City50,OH,44050,555-0050
51,Customer51,Last51,51 Main St,City51,OH,44051,555-0051
52,Customer52,Last52,52 Main St,City52,OH,44052,555-0052
53,Customer53,Last53,53 Main St,City53,OH,44053,555-0053
54,Customer54,Last54,54 Main St,City54,OH,44054,555-0054
55,Customer55,Last55,55 Main St,City55,OH,44055,555-0055
56,Customer56,Last56,56 Main St,City56,OH,44056,555-0056
57,Customer57,Last57,57 Main St,City57,OH,44057,555-0057
58,Customer58,Last58,58 Main St,City58,OH,44058,555-0058
59,Customer59,Last59,59 Main St,City59,OH,44059,555-0059
60,Customer60,Last60,60 Main St,City60,OH,44060,555-0060
61,Customer61,Last61,61 Main St,City61,OH,44061,555-0061
62,Customer62,Last62,62 Main St,City62,OH,44062,555-0062
63,Customer63,Last63,63 Main St,City63,OH,44063,555-0063
64,Customer64,Last64,64 Main St,City64,OH,44064,555-0064
65,Customer65,Last65,65 Main St,City65,OH,44065,555-0065
66,Customer66,Last66,66 Main St,City66,OH,44066,555-0066
67,Customer67,Last67,67 Main St,City67,OH,44067,555-0067
68,Customer68,Last68,68 Main St,City68,OH,44068,555-0068
69,Customer69,Last69,69 Main St,City69,OH,44069,555-0069
70,Customer70,Last70,70 Main St,City70,OH,44070,555-0070
71,Customer71,Last71,71 Main St,City71,OH,44071,555-0071
72,Customer72,Last72,72 Main St,City72,OH,44072,555-0072
73,Customer73,Last73,73 Main St,City73,OH,44073,555-0073
74,Customer74,Last74,74 Main St,City74,OH,44074,555-0074
75,Customer75,Last75,75 Main St,City75,OH,44075,555-0075
76,Customer76,Last76,76 Main St,City76,OH,44076,555-0076
77,Customer77,Last77,77 Main St,City77,OH,44077,555-0077
78,Customer78,Last78,78 Main St,City78,OH,44078,555-0078
79,Customer79,Last79,79 Main St,City79,OH,44079,555-0079
80,Customer80,Last80,80 Main St,City80,OH,44080,555-0080
81,Customer81,Last81,81 Main St,City81,OH,44081,555-0081
82,Customer82,Last82,82 Main St,City82,OH,44082,555-0082
83,Customer83,Last83,83 Main St,City83,OH,44083,555-0083
84,Customer84,Last84,84 Main St,City84,OH,44084,555-0084
85,Customer85,Last85,85 Main St,City85,OH,44085,555-0085
86,Customer86,Last86,86 Main St,City86,OH,44086,555-0086
87,Customer87,Last87,87 Main St,City87,OH,44087,555-0087
88,Customer88,Last88,88 Main St,City88,OH,44088,555-0088
89,Customer89,Last89,89 Main St,City89,OH,44089,555-0089
90,Customer90,Last90,90 Main St,City90,OH,44090,555-0090
91,Customer91,Last91,91 Main St,City91,OH,44091,555-0091
92,Customer92,Last92,92 Main St,City92,OH,44092,555-0092
93,Customer93,Last93,93 Main St,City93,OH,44093,555-0093
94,Customer94,Last94,94 Main St,City94,OH,44094,555-0094
95,Customer95,Last95,95 Main St,City95,OH,44095,555-0095
96,Customer96,Last96,96 Main St,City96,OH,44096,555-0096
97,Customer97,Last97,97 Main St,City97,OH,44097,555-0097
98,Customer98,Last98,98 Main St,City98,OH,44098,555-0098
99,Customer99,Last99,99 Main St,City99,OH,44099,555-0099
100,Customer100,Last100,100 Main St,City100,OH,44100,555-0100
